{"cameraMode":{"drawMode":0,"name":"Shaded","section":"Shading Mode"},"sceneLighting":true,"audioPlay":false,"sceneViewState":{"m_AlwaysRefresh":false,"showFog":true,"showSkybox":true,"showFlares":true,"showImageEffects":true,"showParticleSystems":true,"showVisualEffectGraphs":true,"m_FxEnabled":true},"in2DMode":false,"pivot":{"x":5.8230743408203129,"y":1.2943423986434937,"z":1.792717695236206},"rotation":{"x":-0.2031654715538025,"y":-0.09149058908224106,"z":0.019069980829954149,"w":-0.9746825695037842},"size":9.867695808410645,"orthographic":false}